"code","title","date"
"Заказ1","Карты","Thu Jul 14 2011 00:00:00 GMT+0400 (Russian Standard Time)"
"Заказ1","ПИН-конверты","Fri Jul 15 2011 00:00:00 GMT+0400 (Russian Standard Time)"
"Заказ2","Карты","Tue Jul 19 2011 00:00:00 GMT+0400 (Russian Standard Time)"
"Заказ2","ПИН-конверты","Wed Jul 20 2011 00:00:00 GMT+0400 (Russian Standard Time)"
"Заказ3","ПИН-конверты","Mon Jul 25 2011 00:00:00 GMT+0400 (Russian Standard Time)"
"Заказ3","Карты","Tue Jul 26 2011 00:00:00 GMT+0400 (Russian Standard Time)"
"Заказ4","ПИН-конверты","Fri Jul 29 2011 00:00:00 GMT+0400 (Russian Standard Time)"
"Заказ4","Карты","Mon Aug 01 2011 00:00:00 GMT+0400 (Russian Standard Time)"
"Заказ5","ПИН-конверты","Wed Aug 03 2011 00:00:00 GMT+0400 (Russian Standard Time)"
"Заказ5","Карты","Thu Aug 04 2011 00:00:00 GMT+0400 (Russian Standard Time)"
"Заказ6","ПИН-конверты","Mon Aug 08 2011 00:00:00 GMT+0400 (Russian Standard Time)"
"Заказ6","Карты","Tue Aug 09 2011 00:00:00 GMT+0400 (Russian Standard Time)"
"Заказ7","ПИН-конверты","Mon Aug 15 2011 00:00:00 GMT+0400 (Russian Standard Time)"
"Заказ7","Карты","Tue Aug 16 2011 00:00:00 GMT+0400 (Russian Standard Time)"
"Заказ8","ПИН-конверты","Wed Aug 17 2011 00:00:00 GMT+0400 (Russian Standard Time)"
"Заказ8","Карты","Thu Aug 18 2011 00:00:00 GMT+0400 (Russian Standard Time)"
"Заказ9","ПИН-конверты","Tue Aug 23 2011 00:00:00 GMT+0400 (Russian Standard Time)"
"Заказ9","Карты","Wed Aug 24 2011 00:00:00 GMT+0400 (Russian Standard Time)"
"Заказ10","ПИН-конверты","Fri Aug 26 2011 00:00:00 GMT+0400 (Russian Standard Time)"
"Заказ10","Карты","Tue Aug 30 2011 00:00:00 GMT+0400 (Russian Standard Time)"
"Заказ11","ПИН-конверты","Tue Sep 06 2011 00:00:00 GMT+0400 (Russian Standard Time)"
"Заказ11","Карты","Thu Sep 08 2011 00:00:00 GMT+0400 (Russian Standard Time)"
"Заказ12","ПИН-конверты","Mon Sep 12 2011 00:00:00 GMT+0400 (Russian Standard Time)"
"Заказ12","Карты","Tue Sep 13 2011 00:00:00 GMT+0400 (Russian Standard Time)"
"Заказ13","ПИН-конверты","Tue Sep 20 2011 00:00:00 GMT+0400 (Russian Standard Time)"
"Заказ13","Карты","Wed Sep 21 2011 00:00:00 GMT+0400 (Russian Standard Time)"
"Заказ14","ПИН-конверты","Wed Sep 28 2011 00:00:00 GMT+0400 (Russian Standard Time)"
"Заказ14","Карты","Thu Sep 29 2011 00:00:00 GMT+0400 (Russian Standard Time)"
"Заказ15","ПИН-конверты","Tue Oct 11 2011 00:00:00 GMT+0400 (Russian Standard Time)"
"Заказ15","Карты","Thu Oct 13 2011 00:00:00 GMT+0400 (Russian Standard Time)"
"Заказ16","Москва и ПИН-конверты регионы","Wed Oct 19 2011 00:00:00 GMT+0400 (Russian Standard Time)"
"Заказ16","Карты регионы","Thu Oct 20 2011 00:00:00 GMT+0400 (Russian Standard Time)"
"Заказ17","Москва и ПИН-конверты регионы","Fri Oct 28 2011 00:00:00 GMT+0400 (Russian Standard Time)"
"Заказ17","Карты регионы","Mon Oct 31 2011 00:00:00 GMT+0400 (Russian Standard Time)"
"Заказ18","Москва и ПИН-конверты регионы","Wed Nov 09 2011 00:00:00 GMT+0400 (Russian Standard Time)"
"Заказ18","Карты регионы","Mon Nov 07 2011 00:00:00 GMT+0400 (Russian Standard Time)"
"Заказ19","Москва и ПИН-конверты регионы","Mon Nov 14 2011 00:00:00 GMT+0400 (Russian Standard Time)"
"Заказ19","Карты регионы","Tue Nov 15 2011 00:00:00 GMT+0400 (Russian Standard Time)"
"Заказ20","Москва и ПИН-конверты регионы","Tue Nov 22 2011 00:00:00 GMT+0400 (Russian Standard Time)"
"Заказ20","Карты регионы","Wed Nov 23 2011 00:00:00 GMT+0400 (Russian Standard Time)"
"Заказ21","Москва и ПИН-конверты регионы","Tue Nov 29 2011 00:00:00 GMT+0400 (Russian Standard Time)"
"Заказ21","Карты регионы","Wed Nov 30 2011 00:00:00 GMT+0400 (Russian Standard Time)"
"Заказ22","Москва и ПИН-конверты регионы","Tue Dec 13 2011 00:00:00 GMT+0400 (Russian Standard Time)"
"Заказ22","Карты регионы","Wed Dec 14 2011 00:00:00 GMT+0400 (Russian Standard Time)"
"Заказ23","Москва и ПИН-конверты регионы","Tue Dec 27 2011 00:00:00 GMT+0400 (Russian Standard Time)"
"Заказ23","Карты регионы","Wed Dec 28 2011 00:00:00 GMT+0400 (Russian Standard Time)"
"Заказ24","Москва и ПИН-конверты регионы","Thu Dec 29 2011 00:00:00 GMT+0400 (Russian Standard Time)"
"Заказ24","Карты регионы","Fri Dec 30 2011 00:00:00 GMT+0400 (Russian Standard Time)"
"Заказ25","Москва и ПИН-конверты регионы","Mon Jan 23 2012 00:00:00 GMT+0400 (Russian Standard Time)"
"Заказ25","Карты регионы","Tue Jan 24 2012 00:00:00 GMT+0400 (Russian Standard Time)"
"Заказ26","Москва и ПИН-конверты регионы","Mon Jan 30 2012 00:00:00 GMT+0400 (Russian Standard Time)"
"Заказ26","Карты регионы","Tue Jan 31 2012 00:00:00 GMT+0400 (Russian Standard Time)"
"Заказ27","Москва и ПИН-конверты регионы","Fri Feb 10 2012 00:00:00 GMT+0400 (Russian Standard Time)"
"Заказ27","Карты регионы","Mon Feb 13 2012 00:00:00 GMT+0400 (Russian Standard Time)"
"Заказ28","Москва и ПИН-конверты регионы","Mon Feb 27 2012 00:00:00 GMT+0400 (Russian Standard Time)"
"Заказ28","Карты регионы","Tue Feb 28 2012 00:00:00 GMT+0400 (Russian Standard Time)"
"Заказ29","Москва и ПИН-конверты регионы","Mon Mar 12 2012 00:00:00 GMT+0400 (Russian Standard Time)"
"Заказ29","Карты регионы","Tue Mar 13 2012 00:00:00 GMT+0400 (Russian Standard Time)"
"Заказ30","Москва и ПИН-конверты регионы","Fri Mar 23 2012 00:00:00 GMT+0400 (Russian Standard Time)"
"Заказ30","Карты регионы","Mon Mar 26 2012 00:00:00 GMT+0400 (Russian Standard Time)"
"Заказ31","Москва и ПИН-конверты регионы","Tue Apr 10 2012 00:00:00 GMT+0400 (Russian Standard Time)"
"Заказ31","Карты регионы","Wed Apr 11 2012 00:00:00 GMT+0400 (Russian Standard Time)"
"Заказ32","Москва и ПИН-конверты регионы","Tue Apr 24 2012 00:00:00 GMT+0400 (Russian Standard Time)"
"Заказ32","Карты регионы","Wed Apr 25 2012 00:00:00 GMT+0400 (Russian Standard Time)"
"Заказ33","Москва и ПИН-конверты регионы","Mon May 14 2012 00:00:00 GMT+0400 (Russian Standard Time)"
"Заказ33","Карты регионы","Tue May 15 2012 00:00:00 GMT+0400 (Russian Standard Time)"
"Заказ34","Москва и ПИН-конверты регионы","Tue May 29 2012 00:00:00 GMT+0400 (Russian Standard Time)"
"Заказ34","Карты регионы","Wed May 30 2012 00:00:00 GMT+0400 (Russian Standard Time)"
"Заказ35","Москва и ПИН-конверты регионы","Fri Jun 15 2012 00:00:00 GMT+0400 (Russian Standard Time)"
"Заказ35","Карты регионы","Mon Jun 18 2012 00:00:00 GMT+0400 (Russian Standard Time)"
"Заказ36","Москва и ПИН-конверты регионы","Thu Jun 28 2012 00:00:00 GMT+0400 (Russian Standard Time)"
"Заказ36","Карты регионы","Fri Jun 29 2012 00:00:00 GMT+0400 (Russian Standard Time)"
"Заказ37","Москва и ПИН-конверты регионы","Thu Jul 26 2012 00:00:00 GMT+0400 (Russian Standard Time)"
"Заказ37","Карты регионы","Fri Jul 27 2012 00:00:00 GMT+0400 (Russian Standard Time)"
"Заказ38","Москва и ПИН-конверты регионы","Thu Jul 26 2012 00:00:00 GMT+0400 (Russian Standard Time)"
"Заказ38","Карты регионы","Fri Jul 27 2012 00:00:00 GMT+0400 (Russian Standard Time)"
"Заказ39","Москва и ПИН-конверты регионы","Mon Aug 27 2012 00:00:00 GMT+0400 (Russian Standard Time)"
"Заказ39","Карты регионы","Tue Aug 28 2012 00:00:00 GMT+0400 (Russian Standard Time)"
"Заказ40","Москва и ПИН-конверты регионы","Tue Aug 28 2012 00:00:00 GMT+0400 (Russian Standard Time)"
"Заказ40","Карты регионы","Wed Aug 29 2012 00:00:00 GMT+0400 (Russian Standard Time)"
"Заказ41","Москва и ПИН-конверты регионы","Thu Sep 13 2012 00:00:00 GMT+0400 (Russian Standard Time)"
"Заказ41","Карты регионы","Fri Sep 14 2012 00:00:00 GMT+0400 (Russian Standard Time)"
"Заказ42","Москва и ПИН-конверты регионы","Tue Sep 25 2012 00:00:00 GMT+0400 (Russian Standard Time)"
"Заказ42","Карты регионы","Wed Sep 26 2012 00:00:00 GMT+0400 (Russian Standard Time)"
"Заказ43","Москва и ПИН-конверты регионы","Mon Oct 08 2012 00:00:00 GMT+0400 (Russian Standard Time)"
"Заказ43","Карты регионы","Tue Oct 09 2012 00:00:00 GMT+0400 (Russian Standard Time)"
"Заказ44","Москва и ПИН-конверты регионы","Mon Oct 22 2012 00:00:00 GMT+0400 (Russian Standard Time)"
"Заказ44","Карты регионы","Tue Oct 23 2012 00:00:00 GMT+0400 (Russian Standard Time)"
"Заказ45","Москва и ПИН-конверты регионы","Tue Nov 06 2012 00:00:00 GMT+0400 (Russian Standard Time)"
"Заказ45","Карты регионы","Wed Nov 07 2012 00:00:00 GMT+0400 (Russian Standard Time)"
"Заказ46","Москва и ПИН-конверты регионы","Wed Nov 07 2012 00:00:00 GMT+0400 (Russian Standard Time)"
"Заказ46","Карты регионы","Wed Nov 07 2012 00:00:00 GMT+0400 (Russian Standard Time)"
"Заказ47","Москва и ПИН-конверты регионы","Tue Nov 27 2012 00:00:00 GMT+0400 (Russian Standard Time)"
"Заказ47","Карты регионы","Wed Nov 28 2012 00:00:00 GMT+0400 (Russian Standard Time)"
"Заказ48","Москва и ПИН-конверты регионы","Tue Dec 11 2012 00:00:00 GMT+0400 (Russian Standard Time)"
"Заказ48","Карты регионы","Wed Dec 12 2012 00:00:00 GMT+0400 (Russian Standard Time)"
"Заказ49","Москва и ПИН-конверты регионы","Tue Dec 25 2012 00:00:00 GMT+0400 (Russian Standard Time)"
"Заказ49","Карты регионы","Wed Dec 26 2012 00:00:00 GMT+0400 (Russian Standard Time)"
"Заказ50","Москва и ПИН-конверты регионы","Tue Jan 29 2013 00:00:00 GMT+0400 (Russian Standard Time)"
"Заказ50","Карты регионы","Wed Jan 30 2013 00:00:00 GMT+0400 (Russian Standard Time)"
"Заказ51","Москва и ПИН-конверты регионы","Tue Feb 12 2013 00:00:00 GMT+0400 (Russian Standard Time)"
"Заказ51","Карты регионы","Wed Feb 13 2013 00:00:00 GMT+0400 (Russian Standard Time)"
"Заказ52","Москва и ПИН-конверты регионы","Thu Mar 14 2013 00:00:00 GMT+0400 (Russian Standard Time)"
"Заказ52","Карты регионы","Fri Mar 15 2013 00:00:00 GMT+0400 (Russian Standard Time)"
"Заказ53","Москва и ПИН-конверты регионы","Thu Mar 14 2013 00:00:00 GMT+0400 (Russian Standard Time)"
"Заказ53","Карты регионы","Fri Mar 15 2013 00:00:00 GMT+0400 (Russian Standard Time)"
"Заказ54","Москва и ПИН-конверты регионы","Tue Apr 02 2013 00:00:00 GMT+0400 (Russian Standard Time)"
"Заказ54","Карты регионы","Wed Apr 03 2013 00:00:00 GMT+0400 (Russian Standard Time)"
"Заказ55","Москва и ПИН-конверты регионы","Tue Apr 09 2013 00:00:00 GMT+0400 (Russian Standard Time)"
"Заказ55","Карты регионы","Wed Apr 10 2013 00:00:00 GMT+0400 (Russian Standard Time)"
"Заказ56","Москва и ПИН-конверты регионы","Mon Apr 22 2013 00:00:00 GMT+0400 (Russian Standard Time)"
"Заказ56","Карты регионы","Tue Apr 23 2013 00:00:00 GMT+0400 (Russian Standard Time)"
"Заказ57","Москва и ПИН-конверты регионы","Mon May 13 2013 00:00:00 GMT+0400 (Russian Standard Time)"
"Заказ57","Карты регионы","Tue May 14 2013 00:00:00 GMT+0400 (Russian Standard Time)"
"Заказ58","Москва и ПИН-конверты регионы","Wed Jun 05 2013 00:00:00 GMT+0400 (Russian Standard Time)"
"Заказ58","Карты регионы","Thu Jun 06 2013 00:00:00 GMT+0400 (Russian Standard Time)"
"Заказ59","Москва и ПИН-конверты регионы","Wed Jun 05 2013 00:00:00 GMT+0400 (Russian Standard Time)"
"Заказ59","Карты регионы","Thu Jun 06 2013 00:00:00 GMT+0400 (Russian Standard Time)"
"Заказ60","Москва и ПИН-конверты регионы","Thu Jul 04 2013 00:00:00 GMT+0400 (Russian Standard Time)"
"Заказ60","Карты регионы","Fri Jul 05 2013 00:00:00 GMT+0400 (Russian Standard Time)"
"Заказ61","Москва и ПИН-конверты регионы","Thu Jul 04 2013 00:00:00 GMT+0400 (Russian Standard Time)"
"Заказ61","Карты регионы","Fri Jul 05 2013 00:00:00 GMT+0400 (Russian Standard Time)"
"Заказ62","Москва и ПИН-конверты регионы","Mon Jul 29 2013 00:00:00 GMT+0400 (Russian Standard Time)"
"Заказ62","Карты регионы","Tue Jul 30 2013 00:00:00 GMT+0400 (Russian Standard Time)"
"Заказ63","Москва и ПИН-конверты регионы","Mon Aug 05 2013 00:00:00 GMT+0400 (Russian Standard Time)"
"Заказ63","Карты регионы","Tue Aug 06 2013 00:00:00 GMT+0400 (Russian Standard Time)"
"Заказ64","Москва и ПИН-конверты регионы","Mon Aug 26 2013 00:00:00 GMT+0400 (Russian Standard Time)"
"Заказ64","Карты регионы","Mon Aug 19 2013 00:00:00 GMT+0400 (Russian Standard Time)"
"Заказ65","Москва и ПИН-конверты регионы","Wed Sep 04 2013 00:00:00 GMT+0400 (Russian Standard Time)"
"Заказ65","Карты регионы","Thu Sep 05 2013 00:00:00 GMT+0400 (Russian Standard Time)"
"Заказ66","Москва и ПИН-конверты регионы","Thu Sep 05 2013 00:00:00 GMT+0400 (Russian Standard Time)"
"Заказ66","Карты регионы","Fri Sep 06 2013 00:00:00 GMT+0400 (Russian Standard Time)"
"Заказ67","Москва и ПИН-конверты регионы","Wed Sep 18 2013 00:00:00 GMT+0400 (Russian Standard Time)"
"Заказ67","Карты регионы","Wed Sep 18 2013 00:00:00 GMT+0400 (Russian Standard Time)"
"Заказ68","Москва и ПИН-конверты регионы","Mon Sep 23 2013 00:00:00 GMT+0400 (Russian Standard Time)"
"Заказ68","Карты регионы","Mon Sep 23 2013 00:00:00 GMT+0400 (Russian Standard Time)"
"Заказ69","Москва и ПИН-конверты регионы","Mon Sep 30 2013 00:00:00 GMT+0400 (Russian Standard Time)"
"Заказ69","Карты регионы","Mon Sep 30 2013 00:00:00 GMT+0400 (Russian Standard Time)"
"Заказ70","Москва и ПИН-конверты регионы","Fri Oct 04 2013 00:00:00 GMT+0400 (Russian Standard Time)"
"Заказ70","Карты регионы","Mon Oct 07 2013 00:00:00 GMT+0400 (Russian Standard Time)"
"Заказ71","Москва и ПИН-конверты регионы","Fri Oct 11 2013 00:00:00 GMT+0400 (Russian Standard Time)"
"Заказ71","Карты регионы","Fri Oct 11 2013 00:00:00 GMT+0400 (Russian Standard Time)"
"Заказ72","Москва и ПИН-конверты регионы","Thu Oct 17 2013 00:00:00 GMT+0400 (Russian Standard Time)"
"Заказ72","Карты регионы","Thu Oct 17 2013 00:00:00 GMT+0400 (Russian Standard Time)"
"Заказ73","Москва и ПИН-конверты регионы","Tue Oct 22 2013 00:00:00 GMT+0400 (Russian Standard Time)"
"Заказ73","Карты регионы","Tue Oct 22 2013 00:00:00 GMT+0400 (Russian Standard Time)"
"Заказ74","Москва и ПИН-конверты регионы","Thu Oct 24 2013 00:00:00 GMT+0400 (Russian Standard Time)"
"Заказ74","Карты регионы","Thu Oct 24 2013 00:00:00 GMT+0400 (Russian Standard Time)"
"Заказ75","Москва и ПИН-конверты регионы","Mon Oct 28 2013 00:00:00 GMT+0400 (Russian Standard Time)"
"Заказ75","Карты регионы","Mon Oct 28 2013 00:00:00 GMT+0400 (Russian Standard Time)"
"Заказ76","Москва и ПИН-конверты регионы","Thu Oct 31 2013 00:00:00 GMT+0400 (Russian Standard Time)"
"Заказ76","Карты регионы","Thu Oct 31 2013 00:00:00 GMT+0400 (Russian Standard Time)"
"Заказ77","Москва и ПИН-конверты регионы","Tue Nov 05 2013 00:00:00 GMT+0400 (Russian Standard Time)"
"Заказ77","Карты регионы","Tue Nov 05 2013 00:00:00 GMT+0400 (Russian Standard Time)"
"Заказ78","Москва и ПИН-конверты регионы","Tue Nov 12 2013 00:00:00 GMT+0400 (Russian Standard Time)"
"Заказ78","Карты регионы","Tue Nov 12 2013 00:00:00 GMT+0400 (Russian Standard Time)"
"Заказ79","Москва и ПИН-конверты регионы","Fri Nov 15 2013 00:00:00 GMT+0400 (Russian Standard Time)"
"Заказ79","Карты регионы","Fri Nov 15 2013 00:00:00 GMT+0400 (Russian Standard Time)"
"Заказ80","Москва и ПИН-конверты регионы","Tue Nov 19 2013 00:00:00 GMT+0400 (Russian Standard Time)"
"Заказ80","Карты регионы","Tue Nov 19 2013 00:00:00 GMT+0400 (Russian Standard Time)"
"Заказ81","Москва и ПИН-конверты регионы","Fri Nov 22 2013 00:00:00 GMT+0400 (Russian Standard Time)"
"Заказ81","Карты регионы","Fri Nov 22 2013 00:00:00 GMT+0400 (Russian Standard Time)"
"Заказ82","Москва и ПИН-конверты регионы","Tue Nov 26 2013 00:00:00 GMT+0400 (Russian Standard Time)"
"Заказ82","Карты регионы","Tue Nov 26 2013 00:00:00 GMT+0400 (Russian Standard Time)"
"Заказ83","Москва и ПИН-конверты регионы","Thu Nov 28 2013 00:00:00 GMT+0400 (Russian Standard Time)"
"Заказ83","Карты регионы","Thu Nov 28 2013 00:00:00 GMT+0400 (Russian Standard Time)"
"Заказ84","Москва и ПИН-конверты регионы","Tue Dec 03 2013 00:00:00 GMT+0400 (Russian Standard Time)"
"Заказ84","Карты регионы","Tue Dec 03 2013 00:00:00 GMT+0400 (Russian Standard Time)"
"Заказ85","Москва и ПИН-конверты регионы","Fri Dec 06 2013 00:00:00 GMT+0400 (Russian Standard Time)"
"Заказ85","Карты регионы","Fri Dec 06 2013 00:00:00 GMT+0400 (Russian Standard Time)"
"Заказ86","Москва и ПИН-конверты регионы","Tue Dec 10 2013 00:00:00 GMT+0400 (Russian Standard Time)"
"Заказ86","Карты регионы","Tue Dec 10 2013 00:00:00 GMT+0400 (Russian Standard Time)"
"Заказ87","Москва и ПИН-конверты регионы","Fri Dec 13 2013 00:00:00 GMT+0400 (Russian Standard Time)"
"Заказ87","Карты регионы","Fri Dec 13 2013 00:00:00 GMT+0400 (Russian Standard Time)"
"Заказ88","Москва и ПИН-конверты регионы","Tue Dec 17 2013 00:00:00 GMT+0400 (Russian Standard Time)"
"Заказ88","Карты регионы","Tue Dec 17 2013 00:00:00 GMT+0400 (Russian Standard Time)"
"Заказ89","Москва и ПИН-конверты регионы","Fri Dec 20 2013 00:00:00 GMT+0400 (Russian Standard Time)"
"Заказ89","Карты регионы","Fri Dec 20 2013 00:00:00 GMT+0400 (Russian Standard Time)"
"Заказ90","Москва и ПИН-конверты регионы","Tue Dec 24 2013 00:00:00 GMT+0400 (Russian Standard Time)"
"Заказ90","Карты регионы","Tue Dec 24 2013 00:00:00 GMT+0400 (Russian Standard Time)"
"Заказ91","Москва и ПИН-конверты регионы","Thu Jan 09 2014 00:00:00 GMT+0400 (Russian Standard Time)"
"Заказ91","Карты регионы","Thu Jan 09 2014 00:00:00 GMT+0400 (Russian Standard Time)"
"Заказ92","Москва и ПИН-конверты регионы","Thu Jan 09 2014 00:00:00 GMT+0400 (Russian Standard Time)"
"Заказ92","Карты регионы","Thu Jan 09 2014 00:00:00 GMT+0400 (Russian Standard Time)"
"Заказ93","Москва и ПИН-конверты регионы","Fri Jan 17 2014 00:00:00 GMT+0400 (Russian Standard Time)"
"Заказ93","Карты регионы","Fri Jan 17 2014 00:00:00 GMT+0400 (Russian Standard Time)"
"Заказ94","Москва и ПИН-конверты регионы","Thu Jan 23 2014 00:00:00 GMT+0400 (Russian Standard Time)"
"Заказ94","Карты регионы","Thu Jan 23 2014 00:00:00 GMT+0400 (Russian Standard Time)"
"Заказ95","Москва и ПИН-конверты регионы","Wed Jan 29 2014 00:00:00 GMT+0400 (Russian Standard Time)"
"Заказ95","Карты регионы","Wed Jan 29 2014 00:00:00 GMT+0400 (Russian Standard Time)"
"Заказ96","Москва и ПИН-конверты регионы","Thu Jan 30 2014 00:00:00 GMT+0400 (Russian Standard Time)"
"Заказ96","Карты регионы","Thu Jan 30 2014 00:00:00 GMT+0400 (Russian Standard Time)"
"Заказ97","Москва и ПИН-конверты регионы","Mon Feb 03 2014 00:00:00 GMT+0400 (Russian Standard Time)"
"Заказ97","Карты регионы","Mon Feb 03 2014 00:00:00 GMT+0400 (Russian Standard Time)"
"Заказ98","Москва и ПИН-конверты регионы","Thu Feb 06 2014 00:00:00 GMT+0400 (Russian Standard Time)"
"Заказ98","Карты регионы","Thu Feb 06 2014 00:00:00 GMT+0400 (Russian Standard Time)"
